{"stats":{"minecraft:killed":{"divinerpg:jungle_dramcryx":1},"minecraft:custom":{"minecraft:jump":13,"minecraft:time_since_rest":8428,"minecraft:damage_dealt":16,"minecraft:leave_game":5,"minecraft:play_time":8428,"minecraft:time_since_death":8428,"minecraft:walk_one_cm":2403,"minecraft:sneak_time":202,"minecraft:total_world_time":9065,"minecraft:climb_one_cm":80,"minecraft:mob_kills":1,"minecraft:fly_one_cm":5345},"minecraft:used":{"minecraft:redstone":3,"ironjetpacks:jetpack":21,"ironchests:gold_chest":1,"ironchests:diamond_chest":2}},"DataVersion":3463}