{
  "minecraft:recipes/decorations/crafting_table": {
    "criteria": {
      "unlock_right_away": "2024-01-16 11:48:44 +0200"
    },
    "done": true
  },
  "divinerpg:overworld/patchouli": {
    "criteria": {
      "tick": "2024-01-16 11:48:44 +0200"
    },
    "done": true
  },
  "divinerpg:overworld/root": {
    "criteria": {
      "divinerpg": "2024-01-16 11:48:51 +0200"
    },
    "done": true
  },
  "minecraft:adventure/adventuring_time": {
    "criteria": {
      "minecraft:bamboo_jungle": "2024-01-16 11:48:51 +0200"
    },
    "done": false
  },
  "minecraft:recipes/redstone/redstone_torch": {
    "criteria": {
      "has_redstone": "2024-01-16 20:37:06 +0200"
    },
    "done": true
  },
  "minecraft:recipes/tools/clock": {
    "criteria": {
      "has_redstone": "2024-01-16 20:37:06 +0200"
    },
    "done": true
  },
  "minecraft:recipes/redstone/note_block": {
    "criteria": {
      "has_redstone": "2024-01-16 20:37:06 +0200"
    },
    "done": true
  },
  "minecraft:recipes/redstone/target": {
    "criteria": {
      "has_redstone": "2024-01-16 20:37:06 +0200"
    },
    "done": true
  },
  "divinerpg:recipes/shaped/red_fence": {
    "criteria": {
      "has_redstone": "2024-01-16 20:37:06 +0200"
    },
    "done": true
  },
  "minecraft:recipes/tools/compass": {
    "criteria": {
      "has_redstone": "2024-01-16 20:37:06 +0200"
    },
    "done": true
  },
  "divinerpg:recipes/shaped/redstone_ore_lamp": {
    "criteria": {
      "has_redstone": "2024-01-16 20:37:06 +0200"
    },
    "done": true
  },
  "quarryplus:recipes/workbench": {
    "criteria": {
      "has_redstone": "2024-01-16 20:37:06 +0200"
    },
    "done": true
  },
  "minecraft:recipes/redstone/dropper": {
    "criteria": {
      "has_redstone": "2024-01-16 20:37:06 +0200"
    },
    "done": true
  },
  "divinerpg:recipes/shapeless/redstone_bricks": {
    "criteria": {
      "has_redstone": "2024-01-16 20:37:06 +0200"
    },
    "done": true
  },
  "minecraft:recipes/redstone/redstone_block": {
    "criteria": {
      "has_redstone": "2024-01-16 20:37:06 +0200"
    },
    "done": true
  },
  "minecraft:recipes/redstone/piston": {
    "criteria": {
      "has_redstone": "2024-01-16 20:37:06 +0200"
    },
    "done": true
  },
  "minecraft:recipes/building_blocks/coal_block": {
    "criteria": {
      "has_coal": "2024-01-16 20:44:41 +0200"
    },
    "done": true
  },
  "minecraft:recipes/decorations/campfire": {
    "criteria": {
      "has_coal": "2024-01-16 20:44:41 +0200"
    },
    "done": true
  },
  "divinerpg:recipes/shaped/skeleton_torch": {
    "criteria": {
      "has_coal": "2024-01-16 20:44:41 +0200"
    },
    "done": true
  },
  "divinerpg:overworld/jungle_stegosaurus_slayer": {
    "criteria": {
      "kill_jungle_dramcryx": "2024-01-16 20:47:00 +0200"
    },
    "done": true
  },
  "minecraft:adventure/root": {
    "criteria": {
      "killed_something": "2024-01-16 20:47:00 +0200"
    },
    "done": true
  },
  "minecraft:recipes/misc/stick_from_bamboo_item": {
    "criteria": {
      "has_bamboo": "2024-01-16 21:02:31 +0200"
    },
    "done": true
  },
  "minecraft:recipes/building_blocks/bamboo_block": {
    "criteria": {
      "has_bamboo": "2024-01-16 21:02:31 +0200"
    },
    "done": true
  },
  "minecraft:recipes/decorations/scaffolding": {
    "criteria": {
      "has_bamboo": "2024-01-16 21:02:31 +0200"
    },
    "done": true
  },
  "DataVersion": 3463
}